{
  "ACTOR": 73.33333333333333,
  "REGION": 26.666666666666668
}